model_name,scores_mean,scores_std
OneClassSVM,0.9208857237405582,0.02424035599097079
IForest,0.9999653341999842,3.24270673299003e-05
RobustCovariance,0.9999566674119942,3.242706733304563e-05
